app-json-fetcher,2.1.0
brokowski,0.1.8
claus,0.0.2
code-connect-server,0.1.7
costa,0.5.0
csp-endpoint,0.0.1
express-device,0.3.11
express-resource-plus,0.2.1
fizzbuzz-hypermedia-server,0.1.2
flair-doc,0.1.0
generator-wikismith,0.2.2
glsl-transition-minify,0.3.1
heroku-proxy,2.1.1
http-test-servers,0.0.12
jellyjs-plugin-httpserver,0.0.8
loopback-angular-cli,1.1.1
loopback-explorer,1.6.4
moby,1.1.1
monami,0.0.21
mongoose-epxress-resource,0.1.2
nodebootstrap-server,1.1.2
oauth-express,0.0.1
public-server,2.0.1
scrapit,0.0.4
sik,0.0.1
sonea,0.0.3
squirrel-server,0.0.1
vsoft-explorer,0.2.1
webs-weeia,0.2.2